﻿Designator,Quantity,Value,Footprint,Package,MPN,DNP,Mount_Type,Description,Sim.Pins,Sim.Device
BF1,1,Speaker,PinHeader_1x02_P2.54mm_Vertical,,,,tht,Speaker,,
"C1, C2, C3, C4",4,68nF,C_Disc_D4.3mm_W1.9mm_P5.00mm,,,,tht,Unpolarized capacitor,,
C5,1,10µF 16V,CP_Radial_D5.0mm_P2.50mm,,,,tht,Polarized capacitor,,
"R4, R5",2,330Ω,R_Axial_DIN0207_L6.3mm_D2.5mm_P7.62mm_Horizontal,,,,tht,Resistor,,
RN2,1,2KΩ,R_Array_SIP12,,,,tht,"11 resistor network, star topology, bussed resistors, small symbol",,
SW1,1,[FF],SW_Cherry_MX_PCB_1.00u,,,,tht,"Push button switch, generic, two pins",,
SW10,1,Ы Y,SW_Cherry_MX_PCB_1.00u,,,,tht,"Push button switch, generic, two pins",,
SW11,1,Я Q,SW_Cherry_MX_PCB_1.00u,,,,tht,"Push button switch, generic, two pins",,
SW12,1,И I,SW_Cherry_MX_PCB_1.00u,,,,tht,"Push button switch, generic, two pins",,
SW13,1,А A,SW_Cherry_MX_PCB_1.00u,,,,tht,"Push button switch, generic, two pins",,
SW14,1,9 ),SW_Cherry_MX_PCB_1.00u,,,,tht,"Push button switch, generic, two pins",,
SW15,1,1 !,SW_Cherry_MX_PCB_1.00u,,,,tht,"Push button switch, generic, two pins",,
SW16,1,[ПС] [LF],SW_Cherry_MX_PCB_1.00u,,,,tht,"Push button switch, generic, two pins",,
SW17,1,[АР2] [ESC],SW_Cherry_MX_PCB_1.00u,,,,tht,"Push button switch, generic, two pins",,
SW18,1,З Z,SW_Cherry_MX_PCB_1.00u,,,,tht,"Push button switch, generic, two pins",,
SW19,1,Р R,SW_Cherry_MX_PCB_1.00u,,,,tht,"Push button switch, generic, two pins",,
SW2,1,Ь X,SW_Cherry_MX_PCB_1.00u,,,,tht,"Push button switch, generic, two pins",,
SW20,1,Й J,SW_Cherry_MX_PCB_1.00u,,,,tht,"Push button switch, generic, two pins",,
SW21,1,Б B,SW_Cherry_MX_PCB_1.00u,,,,tht,"Push button switch, generic, two pins",,
SW22,1,: *,SW_Cherry_MX_PCB_1.00u,,,,tht,"Push button switch, generic, two pins",,
SW23,1,"2 """,SW_Cherry_MX_PCB_1.00u,,,,tht,"Push button switch, generic, two pins",,
SW24,1,[ВК] [CR],SW_Cherry_MX_PCB_2.00u,,,,tht,"Push button switch, generic, two pins",,
SW25,1,[F1],SW_Cherry_MX_PCB_1.00u,,,,tht,"Push button switch, generic, two pins",,
SW26,1,Ш [,SW_Cherry_MX_PCB_1.00u,,,,tht,"Push button switch, generic, two pins",,
SW27,1,С S,SW_Cherry_MX_PCB_1.00u,,,,tht,"Push button switch, generic, two pins",,
SW28,1,К K,SW_Cherry_MX_PCB_1.00u,,,,tht,"Push button switch, generic, two pins",,
SW29,1,Ц C,SW_Cherry_MX_PCB_1.00u,,,,tht,"Push button switch, generic, two pins",,
SW3,1,П P,SW_Cherry_MX_PCB_1.00u,,,,tht,"Push button switch, generic, two pins",,
SW30,1,; +,SW_Cherry_MX_PCB_1.00u,,,,tht,"Push button switch, generic, two pins",,
SW31,1,3 #,SW_Cherry_MX_PCB_1.00u,,,,tht,"Push button switch, generic, two pins",,
SW32,1,[ЭБ] [DEL],SW_Cherry_MX_PCB_1.00u,,,,tht,"Push button switch, generic, two pins",,
SW33,1,[LEFT],SW_Cherry_MX_PCB_1.00u,,,,tht,"Push button switch, generic, two pins",,
SW34,1,[F2],SW_Cherry_MX_PCB_1.00u,,,,tht,"Push button switch, generic, two pins",,
SW35,1,Э \,SW_Cherry_MX_PCB_1.00u,,,,tht,"Push button switch, generic, two pins",,
SW36,1,Т T,SW_Cherry_MX_PCB_1.00u,,,,tht,"Push button switch, generic, two pins",,
SW37,1,Л L,SW_Cherry_MX_PCB_1.00u,,,,tht,"Push button switch, generic, two pins",,
SW38,1,Д D,SW_Cherry_MX_PCB_1.00u,,,,tht,"Push button switch, generic, two pins",,
SW39,1,", <",SW_Cherry_MX_PCB_1.00u,,,,tht,"Push button switch, generic, two pins",,
SW4,1,Х H,SW_Cherry_MX_PCB_1.00u,,,,tht,"Push button switch, generic, two pins",,
SW40,1,4 ¤,SW_Cherry_MX_PCB_1.00u,,,,tht,"Push button switch, generic, two pins",,
SW41,1,[UP],SW_Cherry_MX_PCB_1.00u,,,,tht,"Push button switch, generic, two pins",,
SW42,1,[F3],SW_Cherry_MX_PCB_1.00u,,,,tht,"Push button switch, generic, two pins",,
SW43,1,Щ ],SW_Cherry_MX_PCB_1.00u,,,,tht,"Push button switch, generic, two pins",,
SW44,1,У U,SW_Cherry_MX_PCB_1.00u,,,,tht,"Push button switch, generic, two pins",,
SW45,1,М M,SW_Cherry_MX_PCB_1.00u,,,,tht,"Push button switch, generic, two pins",,
SW46,1,Е E,SW_Cherry_MX_PCB_1.00u,,,,tht,"Push button switch, generic, two pins",,
SW47,1,- =,SW_Cherry_MX_PCB_1.00u,,,,tht,"Push button switch, generic, two pins",,
SW48,1,5 %,SW_Cherry_MX_PCB_1.00u,,,,tht,"Push button switch, generic, two pins",,
SW49,1,[RIGHT],SW_Cherry_MX_PCB_1.00u,,,,tht,"Push button switch, generic, two pins",,
SW5,1,Ю @,SW_Cherry_MX_PCB_1.00u,,,,tht,"Push button switch, generic, two pins",,
SW50,1,[F4],SW_Cherry_MX_PCB_1.00u,,,,tht,"Push button switch, generic, two pins",,
SW51,1,Ч ^,SW_Cherry_MX_PCB_1.00u,,,,tht,"Push button switch, generic, two pins",,
SW52,1,Ж V,SW_Cherry_MX_PCB_1.00u,,,,tht,"Push button switch, generic, two pins",,
SW53,1,Н N,SW_Cherry_MX_PCB_1.00u,,,,tht,"Push button switch, generic, two pins",,
SW54,1,Ф F,SW_Cherry_MX_PCB_1.00u,,,,tht,"Push button switch, generic, two pins",,
SW55,1,. >,SW_Cherry_MX_PCB_1.00u,,,,tht,"Push button switch, generic, two pins",,
SW56,1,6 &,SW_Cherry_MX_PCB_1.00u,,,,tht,"Push button switch, generic, two pins",,
SW57,1,[DOWN],SW_Cherry_MX_PCB_1.00u,,,,tht,"Push button switch, generic, two pins",,
SW58,1,[СБРОС] [RESET],SW_Cherry_MX_PCB_1.00u,,,,tht,"Push button switch, generic, two pins",,
SW59,1,[Space],SW_Cherry_MX_PCB_2.25u,,,,tht,"Push button switch, generic, two pins",,
SW6,1,8 (,SW_Cherry_MX_PCB_1.00u,,,,tht,"Push button switch, generic, two pins",,
SW60,1,В W,SW_Cherry_MX_PCB_1.00u,,,,tht,"Push button switch, generic, two pins",,
SW61,1,О O,SW_Cherry_MX_PCB_1.00u,,,,tht,"Push button switch, generic, two pins",,
SW62,1,Г G,SW_Cherry_MX_PCB_1.00u,,,,tht,"Push button switch, generic, two pins",,
SW63,1,/ ?,SW_Cherry_MX_PCB_1.00u,,,,tht,"Push button switch, generic, two pins",,
SW64,1,7 ',SW_Cherry_MX_PCB_1.00u,,,,tht,"Push button switch, generic, two pins",,
SW65,1,[УС] [CTRL],SW_Cherry_MX_PCB_1.00u,,,,tht,"Push button switch, generic, two pins",,
SW66,1,[СС] [SHIFT],SW_Cherry_MX_PCB_1.00u,,,,tht,"Push button switch, generic, two pins",,
SW67,1,[РУС/ЛАТ] [RUS/LAT],SW_Cherry_MX_PCB_1.00u,,,,tht,"Push button switch, generic, two pins",,
SW7,1,0,SW_Cherry_MX_PCB_1.00u,,,,tht,"Push button switch, generic, two pins",,
SW8,1,[ТАБ] [TAB],SW_Cherry_MX_PCB_1.00u,,,,tht,"Push button switch, generic, two pins",,
SW9,1,[СТР] [CLS],SW_Cherry_MX_PCB_1.00u,,,,tht,"Push button switch, generic, two pins",,
VD1,1,ВКЛ,LED_D5.0mm,,,,tht,Light emitting diode,1=K 2=A,
"VD10, VD3, VD4, VD5, VD6, VD7, VD8, VD9",8,1N4148,D_DO-35_SOD27_P7.62mm_Horizontal,,,,tht,Diode,1=K 2=A,D
VD2,1,РУС/ЛАТ,LED_D5.0mm,,,,tht,Light emitting diode,1=K 2=A,
XS1,1,СНП58-32/95x9P-20-20,DIN41612_B_2x32_Female_Vertical_THT,,,,tht,"DIN41612 connector, double row (AB) even pins only, 02x16, script generated (kicad-library-utils/schlib/autogen/connector/)",,
