﻿pos_x,pos_y,rotation,side,designator,mpn,pack,footprint,value,mount_type
122.58,-53.5,180.0,top,BF1,,,PinHeader_1x02_P2.54mm_Vertical,Speaker,tht
184.08,-111.5,180.0,top,C1,,,C_Disc_D4.3mm_W1.9mm_P5.00mm,68nF,tht
184.08,-106.8875,180.0,top,C2,,,C_Disc_D4.3mm_W1.9mm_P5.00mm,68nF,tht
184.08,-102.275,180.0,top,C3,,,C_Disc_D4.3mm_W1.9mm_P5.00mm,68nF,tht
184.08,-97.6625,180.0,top,C4,,,C_Disc_D4.3mm_W1.9mm_P5.00mm,68nF,tht
182.7851,-91.5,180.0,top,C5,,,CP_Radial_D5.0mm_P2.50mm,10µF 16V,tht
163.125,-81.6,180.0,top,R4,,,R_Axial_DIN0207_L6.3mm_D2.5mm_P7.62mm_Horizontal,330Ω,tht
147.125,-81.6,180.0,top,R5,,,R_Axial_DIN0207_L6.3mm_D2.5mm_P7.62mm_Horizontal,330Ω,tht
263.36,-104.5,180.0,top,RN2,,,R_Array_SIP12,2KΩ,tht
292.2741,-109.725,0.0,top,SW1,,,SW_Cherry_MX_PCB_1.00u,[FF],tht
120.8767,-166.875,0.0,top,SW10,,,SW_Cherry_MX_PCB_1.00u,Ы Y,tht
101.83,-185.925,0.0,top,SW11,,,SW_Cherry_MX_PCB_1.00u,Я Q,tht
178.03,-185.925,0.0,top,SW12,,,SW_Cherry_MX_PCB_1.00u,И I,tht
159.01,-166.875,0.0,top,SW13,,,SW_Cherry_MX_PCB_1.00u,А A,tht
254.23,-128.775,0.0,top,SW14,,,SW_Cherry_MX_PCB_1.00u,9 ),tht
101.83,-128.775,0.0,top,SW15,,,SW_Cherry_MX_PCB_1.00u,1 !,tht
330.43,-128.775,0.0,top,SW16,,,SW_Cherry_MX_PCB_1.00u,[ПС] [LF],tht
82.78,-109.725,0.0,top,SW17,,,SW_Cherry_MX_PCB_1.00u,[АР2] [ESC],tht
254.23,-147.825,0.0,top,SW18,,,SW_Cherry_MX_PCB_1.00u,З Z,tht
197.08,-166.875,0.0,top,SW19,,,SW_Cherry_MX_PCB_1.00u,Р R,tht
216.13,-185.925,0.0,top,SW2,,,SW_Cherry_MX_PCB_1.00u,Ь X,tht
82.78,-147.825,0.0,top,SW20,,,SW_Cherry_MX_PCB_1.00u,Й J,tht
235.18,-185.925,0.0,top,SW21,,,SW_Cherry_MX_PCB_1.00u,Б B,tht
292.33,-147.825,0.0,top,SW22,,,SW_Cherry_MX_PCB_1.00u,: *,tht
120.88,-128.775,0.0,top,SW23,,,SW_Cherry_MX_PCB_1.00u,"2 """,tht
320.8957,-147.843,0.0,top,SW24,,,SW_Cherry_MX_PCB_2.00u,[ВК] [CR],tht
101.83,-109.725,0.0,top,SW25,,,SW_Cherry_MX_PCB_1.00u,[F1],tht
216.13,-147.825,0.0,top,SW26,,,SW_Cherry_MX_PCB_1.00u,Ш [,tht
139.93,-185.925,0.0,top,SW27,,,SW_Cherry_MX_PCB_1.00u,С S,tht
139.9826,-147.825,0.0,top,SW28,,,SW_Cherry_MX_PCB_1.00u,К K,tht
101.83,-147.825,0.0,top,SW29,,,SW_Cherry_MX_PCB_1.00u,Ц C,tht
178.0501,-166.875,0.0,top,SW3,,,SW_Cherry_MX_PCB_1.00u,П P,tht
82.78,-128.775,0.0,top,SW30,,,SW_Cherry_MX_PCB_1.00u,; +,tht
139.93,-128.775,0.0,top,SW31,,,SW_Cherry_MX_PCB_1.00u,3 #,tht
330.43,-109.725,0.0,top,SW32,,,SW_Cherry_MX_PCB_1.00u,[ЭБ] [DEL],tht
313.73,-207.3,0.0,top,SW33,,,SW_Cherry_MX_PCB_1.00u,[LEFT],tht
120.88,-109.725,0.0,top,SW34,,,SW_Cherry_MX_PCB_1.00u,[F2],tht
292.33,-166.875,0.0,top,SW35,,,SW_Cherry_MX_PCB_1.00u,Э \,tht
197.08,-185.925,0.0,top,SW36,,,SW_Cherry_MX_PCB_1.00u,Т T,tht
235.18,-166.875,0.0,top,SW37,,,SW_Cherry_MX_PCB_1.00u,Л L,tht
254.23,-166.875,0.0,top,SW38,,,SW_Cherry_MX_PCB_1.00u,Д D,tht
273.28,-185.925,0.0,top,SW39,,,SW_Cherry_MX_PCB_1.00u,", <",tht
273.28,-147.825,0.0,top,SW4,,,SW_Cherry_MX_PCB_1.00u,Х H,tht
158.98,-128.775,0.0,top,SW40,,,SW_Cherry_MX_PCB_1.00u,4 ¤,tht
332.78,-188.25,0.0,top,SW41,,,SW_Cherry_MX_PCB_1.00u,[UP],tht
139.93,-109.725,0.0,top,SW42,,,SW_Cherry_MX_PCB_1.00u,[F3],tht
235.18,-147.825,0.0,top,SW43,,,SW_Cherry_MX_PCB_1.00u,Щ ],tht
120.88,-147.825,0.0,top,SW44,,,SW_Cherry_MX_PCB_1.00u,У U,tht
158.98,-185.925,0.0,top,SW45,,,SW_Cherry_MX_PCB_1.00u,М M,tht
158.98,-147.825,0.0,top,SW46,,,SW_Cherry_MX_PCB_1.00u,Е E,tht
292.33,-128.775,0.0,top,SW47,,,SW_Cherry_MX_PCB_1.00u,- =,tht
178.03,-128.775,0.0,top,SW48,,,SW_Cherry_MX_PCB_1.00u,5 %,tht
351.83,-207.3,0.0,top,SW49,,,SW_Cherry_MX_PCB_1.00u,[RIGHT],tht
254.23,-185.925,0.0,top,SW5,,,SW_Cherry_MX_PCB_1.00u,Ю @,tht
158.98,-109.725,0.0,top,SW50,,,SW_Cherry_MX_PCB_1.00u,[F4],tht
120.88,-185.925,0.0,top,SW51,,,SW_Cherry_MX_PCB_1.00u,Ч ^,tht
273.28,-166.875,0.0,top,SW52,,,SW_Cherry_MX_PCB_1.00u,Ж V,tht
178.03,-147.825,0.0,top,SW53,,,SW_Cherry_MX_PCB_1.00u,Н N,tht
101.83,-166.875,0.0,top,SW54,,,SW_Cherry_MX_PCB_1.00u,Ф F,tht
311.38,-166.875,0.0,top,SW55,,,SW_Cherry_MX_PCB_1.00u,. >,tht
197.08,-128.775,0.0,top,SW56,,,SW_Cherry_MX_PCB_1.00u,6 &,tht
332.78,-207.3,0.0,top,SW57,,,SW_Cherry_MX_PCB_1.00u,[DOWN],tht
342.9,-58.0,0.0,top,SW58,,,SW_Cherry_MX_PCB_1.00u,[СБРОС] [RESET],tht
197.08,-204.975,0.0,top,SW59,,,SW_Cherry_MX_PCB_2.25u,[Space],tht
235.18,-128.775,0.0,top,SW6,,,SW_Cherry_MX_PCB_1.00u,8 (,tht
139.9767,-166.875,0.0,top,SW60,,,SW_Cherry_MX_PCB_1.00u,В W,tht
216.13,-166.875,0.0,top,SW61,,,SW_Cherry_MX_PCB_1.00u,О O,tht
197.08,-147.825,0.0,top,SW62,,,SW_Cherry_MX_PCB_1.00u,Г G,tht
292.33,-185.925,0.0,top,SW63,,,SW_Cherry_MX_PCB_1.00u,/ ?,tht
216.13,-128.775,0.0,top,SW64,,,SW_Cherry_MX_PCB_1.00u,7 ',tht
82.78,-166.875,0.0,top,SW65,,,SW_Cherry_MX_PCB_1.00u,[УС] [CTRL],tht
82.78,-185.925,0.0,top,SW66,,,SW_Cherry_MX_PCB_1.00u,[СС] [SHIFT],tht
311.38,-185.925,0.0,top,SW67,,,SW_Cherry_MX_PCB_1.00u,[РУС/ЛАТ] [RUS/LAT],tht
273.28,-128.775,0.0,top,SW7,,,SW_Cherry_MX_PCB_1.00u,0,tht
311.38,-128.775,0.0,top,SW8,,,SW_Cherry_MX_PCB_1.00u,[ТАБ] [TAB],tht
311.3241,-109.725,0.0,top,SW9,,,SW_Cherry_MX_PCB_1.00u,[СТР] [CLS],tht
142.04,-88.5,0.0,top,VD1,,,LED_D5.0mm,ВКЛ,tht
192.0314,-108.51,90.0,top,VD10,,,D_DO-35_SOD27_P7.62mm_Horizontal,1N4148,tht
158.04,-88.5,0.0,top,VD2,,,LED_D5.0mm,РУС/ЛАТ,tht
221.0314,-108.51,90.0,top,VD3,,,D_DO-35_SOD27_P7.62mm_Horizontal,1N4148,tht
216.8886,-108.51,90.0,top,VD4,,,D_DO-35_SOD27_P7.62mm_Horizontal,1N4148,tht
212.7457,-108.51,90.0,top,VD5,,,D_DO-35_SOD27_P7.62mm_Horizontal,1N4148,tht
208.6029,-108.51,90.0,top,VD6,,,D_DO-35_SOD27_P7.62mm_Horizontal,1N4148,tht
204.46,-108.51,90.0,top,VD7,,,D_DO-35_SOD27_P7.62mm_Horizontal,1N4148,tht
200.3171,-108.51,90.0,top,VD8,,,D_DO-35_SOD27_P7.62mm_Horizontal,1N4148,tht
196.1743,-108.51,90.0,top,VD9,,,D_DO-35_SOD27_P7.62mm_Horizontal,1N4148,tht
221.11,-40.7701,90.0,bottom,XS1,,,DIN41612_B_2x32_Female_Vertical_THT,СНП58-32/95x9P-20-20,tht
